epoch,val_loss,val_macro_f1,val_top1,train_loss,lr,epoch_seconds
1,0.4674123332725869,0.7987260677126746,0.8546129677235076,0.6036222536889154,9.908536585365854e-05,226.7533543490008
2,0.23339448406573057,0.902213740383409,0.9280205655526992,0.2825089826975472,9.801735558704517e-05,266.09673321099945
3,0.3584037406108816,0.8495427072074369,0.8806055412739218,0.1936596258452571,9.214486278406922e-05,248.9614755450002
4,0.180003438140666,0.9260676366978584,0.9445872607826336,0.1470613805350007,8.28580438434779e-05,299.74154543499935
5,0.2524613399730005,0.8954922015153338,0.921165381319623,0.11651942909627062,7.090926160499906e-05,302.21704339699954
6,0.2426087484806478,0.8977136020755334,0.9225935447015139,0.0757045451460815,5.726653534345008e-05,268.59858231399994
7,0.1418030967526787,0.9467429892382901,0.9597257926306769,0.05294201193695388,4.3056674277057226e-05,274.2010463359993
8,0.14289368079351172,0.9496679042778333,0.9608683233361897,0.03273746055528158,2.93877837252572e-05,290.71906692599987
9,0.12995890732350504,0.9587264680227752,0.9688660382747787,0.014464396551796576,1.738877235046656e-05,348.8367211320001
10,0.1440957853707845,0.9558101061007395,0.9668666095401314,0.0035009986334821074,8.031728693402502e-06,449.91588357099954
11,0.12521530802652323,0.9675194506742736,0.9745786918023421,0.001452543216235027,2.074704782678999e-06,456.4159895980001
12,0.12798750672958722,0.9652331125221829,0.9731505284204514,0.0021918864648153144,3.0326775753430904e-10,430.96175471599963
